<application>
  <component name="LafManager" autodetect="false">
    <laf class-name="com.intellij.ide.ui.laf.darcula.DarculaLaf" themeId="4b6007f7-b596-4ee2-96f9-968d3d3eb392" />
    <lafs-to-previous-schemes>
      <laf-to-scheme laf="Darcula" scheme="_@user_One Dark Vivid Italic" />
      <laf-to-scheme laf="Dark" scheme="_@user_Dark" />
      <laf-to-scheme laf="Dracula Compact" scheme="_@user_One Dark Vivid Italic" />
      <laf-to-scheme laf="IntelliJ Light" scheme="_@user_IntelliJ Light" />
      <laf-to-scheme laf="Light" scheme="_@user_Light" />
      <laf-to-scheme laf="Material Darker" scheme="_@user_Material Darker" />
      <laf-to-scheme laf="Material Deep Ocean" scheme="_@user_Material Deep Ocean" />
      <laf-to-scheme laf="Material Sandy Beach" scheme="_@user_Default" />
      <laf-to-scheme laf="Monokai Pro Contrast" scheme="_@user_Monokai Pro (Material)" />
      <laf-to-scheme laf="One Dark" scheme="_@user_One Dark" />
      <laf-to-scheme laf="One Dark Italic" scheme="_@user_One Dark Italic" />
      <laf-to-scheme laf="One Dark Vivid" scheme="_@user_One Dark Vivid" />
      <laf-to-scheme laf="One Dark Vivid Italic" scheme="_@user_One Dark Vivid Italic" />
      <laf-to-scheme laf="Solarized Dark Contrast" scheme="_@user_Solarized Dark (Material)" />
      <laf-to-scheme laf="SynthWave '84 Compact" scheme="_@user_One Dark" />
    </lafs-to-previous-schemes>
  </component>
</application>